source,url,retrieved_at_utc,sha256,http_status,bytes,path
ctgov,https://clinicaltrials.gov/api/v2/studies/NCT04849728,2026-10-08T06:22:34Z,1f2e5e0de001494efafc0256b0dcadee116be05395e264c73f132daf22e6cc45,200,87951,data\snapshots\ctgov\20261008T062234Z_NCT04849728_full.json
company_pr,https://inventivapharma.com/press-releases/,2026-10-08T06:23:38Z,16b728fe98b6a6098a7a537df53e8c60d3453f8f0480d2dbe87cd7e6632b9dd1,200,292779,data\snapshots\company_pr\20261008T062338Z_ir_press_list.html
pubmed,https://eutils.ncbi.nlm.nih.gov/entrez/eutils/esearch.fcgi?db=pubmed&retmode=json&retmax=50&term=lanifibranor%5Btiab%5D,2026-10-08T06:24:39Z,9e920b3876f2b5c807c728688fb3ef13fbd02d07095614223f286c05832ad678,200,741,data\snapshots\pubmed\20261008T062439Z_Q1_lanifibranor_esearch.json
pubmed,https://www.ebi.ac.uk/europepmc/webservices/rest/search?query=lanifibranor%5Btiab%5D&format=json&pageSize=50&resultType=core,2026-10-08T06:24:40Z,e40a247a90937febd28949c9d74b061d62d762fd64456cb61f3f646eacbc00a8,200,6561,data\snapshots\pubmed\20261008T062440Z_Q1_lanifibranor_epmc.json
pubmed,https://eutils.ncbi.nlm.nih.gov/entrez/eutils/esearch.fcgi?db=pubmed&retmode=json&retmax=50&term=resmetirom%5Btiab%5D%20AND%20%28MAESTRO%5Btiab%5D%20OR%20NASH%5Btiab%5D%29,2026-10-08T06:24:41Z,bae8f6187fc1826b8031c6b82edc6305bb0927bc00d0b073793c6a207c27f259,200,802,data\snapshots\pubmed\20261008T062441Z_Q2_resmetirom_maestro_esearch.json
pubmed,https://www.ebi.ac.uk/europepmc/webservices/rest/search?query=resmetirom%5Btiab%5D%20AND%20%28MAESTRO%5Btiab%5D%20OR%20NASH%5Btiab%5D%29&format=json&pageSize=50&resultType=core,2026-10-08T06:24:42Z,e573e0ea1e15ace23f2e55b7fbff22f75c42fa8ce48be6ed895e57991a68f61e,200,58477,data\snapshots\pubmed\20261008T062442Z_Q2_resmetirom_maestro_epmc.json
pubmed,https://eutils.ncbi.nlm.nih.gov/entrez/eutils/esearch.fcgi?db=pubmed&retmode=json&retmax=50&term=semaglutide%5Btiab%5D%20AND%20%28ESSENCE%5Btiab%5D%20OR%20%28NASH%5Btiab%5D%20AND%20phase%203%5Btiab%5D%29%29,2026-10-08T06:24:43Z,c058013a0cefbd688b71f4f158875295b8ad61741557ff5248dcfec7cb600132,200,627,data\snapshots\pubmed\20261008T062443Z_Q3_semaglutide_essence_esearch.json
pubmed,https://www.ebi.ac.uk/europepmc/webservices/rest/search?query=semaglutide%5Btiab%5D%20AND%20%28ESSENCE%5Btiab%5D%20OR%20%28NASH%5Btiab%5D%20AND%20phase%203%5Btiab%5D%29%29&format=json&pageSize=50&resultType=core,2026-10-08T06:24:45Z,0235b1f4f22e9a55c7a36ee27a341f8aad740b1166a641eb67ac4428c54b7e3e,200,58498,data\snapshots\pubmed\20261008T062445Z_Q3_semaglutide_essence_epmc.json
pubmed,https://eutils.ncbi.nlm.nih.gov/entrez/eutils/esearch.fcgi?db=pubmed&retmode=json&retmax=50&term=elafibranor%5Btiab%5D%20AND%20%28RESOLVE%5Btiab%5D%20OR%20NASH%5Btiab%5D%29,2026-10-08T06:24:46Z,255ceaeca74d5783b4307d4d7ca87b22fb01d22ff6ccb2a6df1227ac2edb8fdd,200,802,data\snapshots\pubmed\20261008T062446Z_Q4_elafibranor_resolve_esearch.json
pubmed,https://www.ebi.ac.uk/europepmc/webservices/rest/search?query=elafibranor%5Btiab%5D%20AND%20%28RESOLVE%5Btiab%5D%20OR%20NASH%5Btiab%5D%29&format=json&pageSize=50&resultType=core,2026-10-08T06:24:47Z,3c6b55c46e13720332362cbc5636245df00faf2585b870c438f4ecfab8a997e8,200,6594,data\snapshots\pubmed\20261008T062447Z_Q4_elafibranor_resolve_epmc.json
pubmed,https://eutils.ncbi.nlm.nih.gov/entrez/eutils/esearch.fcgi?db=pubmed&retmode=json&retmax=50&term=%28placebo%5Btiab%5D%29%20AND%20%28NASH%5Btiab%5D%20OR%20MASH%5Btiab%5D%29%20AND%20%28meta-analysis%5Bpt%5D%20OR%20meta-analysis%5Btiab%5D%29%20AND%20%28histolog%2A%5Btiab%5D%20OR%20resolution%5Btiab%5D%20OR%20fibrosis%5Btiab%5D%29,2026-10-08T06:24:48Z,727bdaa0abe15754275c4fb851f5637e7411173fd259d3d58669443e8409d6cf,200,976,data\snapshots\pubmed\20261008T062448Z_Q5_placebo_meta_esearch.json
pubmed,https://www.ebi.ac.uk/europepmc/webservices/rest/search?query=%28placebo%5Btiab%5D%29%20AND%20%28NASH%5Btiab%5D%20OR%20MASH%5Btiab%5D%29%20AND%20%28meta-analysis%5Bpt%5D%20OR%20meta-analysis%5Btiab%5D%29%20AND%20%28histolog%2A%5Btiab%5D%20OR%20resolution%5Btiab%5D%20OR%20fibrosis%5Btiab%5D%29&format=json&pageSize=50&resultType=core,2026-10-08T06:24:49Z,be02d25833045068a414bea1796a55906e8114e6d538fb9799cd7fa6fb45c997,200,316,data\snapshots\pubmed\20261008T062449Z_Q5_placebo_meta_epmc.json
pubmed,https://eutils.ncbi.nlm.nih.gov/entrez/eutils/esearch.fcgi?db=pubmed&retmode=json&retmax=50&term=lanifibranor%5Btiab%5D%20AND%202026%5Bpdat%5D,2026-10-08T06:24:50Z,93395b92ba97b6cb35dd6df5245e670847d6e83451189e27d3bc432fc04a9398,200,347,data\snapshots\pubmed\20261008T062450Z_Q6_lanifibranor_2026_esearch.json
pubmed,https://www.ebi.ac.uk/europepmc/webservices/rest/search?query=lanifibranor%5Btiab%5D%20AND%202026%5Bpdat%5D&format=json&pageSize=50&resultType=core,2026-10-08T06:24:51Z,df3a07122b9348e026a434654ffd6f43e52032319257272db7db3ecb48d21435,200,196,data\snapshots\pubmed\20261008T062451Z_Q6_lanifibranor_2026_epmc.json
company_pr,https://inventivapharma.com/wp-content/uploads/INVENTIVA-AALSD-Abstracts-PR-EN-10.6.2026-1.pdf,2026-10-08T06:30:33Z,a7d883a03988db422068741c611573902845fafe47a02b235fa98abc83f7c7ce,200,168308,data\snapshots\company_pr\20261008T063033Z_pr_2026-10-06_aasld2026_abstracts.pdf
company_pr,https://inventivapharma.com/wp-content/uploads/Inventiva-PR-Inventiva-LVLP-EN-09-02-2026.pdf,2026-10-08T06:30:34Z,e80e9a932ff951099e048adbc55a0d59e6aef611ab55f8693d7effe5cd82d8d3,200,146010,data\snapshots\company_pr\20261008T063034Z_pr_2026-09-02_lplv.pdf
company_pr,https://inventivapharma.com/wp-content/uploads/Inventiva-PR-H1-2026-Financial-Results-EN-09-28-2026.pdf,2026-10-08T06:30:36Z,8aaa68d76efa3a2e92e20746c4e4f79534e409d631ebed38ba4c48a4641525e8,200,196391,data\snapshots\company_pr\20261008T063036Z_pr_2026-09-28_h1_2026_financial.pdf
company_pr,https://inventivapharma.com/wp-content/uploads/inventiva-documents/Inventiva-PR-Full-Year-results-2025-EN-03-30-2026-1.pdf,2026-10-08T06:30:38Z,714a15f4827942a1babf09e978d9839d3deff8465c81e62f6eacd6c0e626eb00,200,291605,data\snapshots\company_pr\20261008T063038Z_pr_2026-03-30_fy2025_results.pdf
company_pr,https://inventivapharma.com/wp-content/uploads/inventiva-documents/Inventiva-Guggenheim-Feb-2026-EN-02-05-2026.pdf,2026-10-08T06:30:39Z,2de65931ef6293f8167e595002b8c2a41eb3cab0b37be699f4d9ebf52c6d1b89,200,176498,data\snapshots\company_pr\20261008T063039Z_deck_2026-02-05_guggenheim.pdf
company_pr,https://inventivapharma.com/wp-content/uploads/inventiva-documents/Inventiva-PR-Abstracts-EASL-2026-EN-05-13-2026.pdf,2026-10-08T06:30:41Z,817d85ab89e86800d3e9fcbf4c53ca133204eea52a6fc605a07220cd502754cb,200,290350,data\snapshots\company_pr\20261008T063041Z_pr_2026-05-13_easl2026_abstracts.pdf
company_pr,https://inventivapharma.com/wp-content/uploads/inventiva-documents/Inventiva-PR-End-of-Patient-Randomization-EN-04-01-2025.pdf,2026-10-08T06:30:43Z,c7bdc7101bf9df79c990f6b499ff2c50ddfba662440ac0906c86c0536a9a8990,200,203726,data\snapshots\company_pr\20261008T063043Z_pr_2025-04-01_end_randomization.pdf
company_pr,https://inventivapharma.com/wp-content/uploads/inventiva-documents/Inventiva-PR-AASLD-Abstracts-2025-EN-10-07-2025-1.pdf,2026-10-08T06:30:44Z,cbe09670e65e99cfb601595a408012ba52087636862a1d32151156887f8463d7,200,272817,data\snapshots\company_pr\20261008T063044Z_pr_2025-10-07_aasld2025_abstracts.pdf
company_pr,https://inventivapharma.com/wp-content/uploads/inventiva-documents/Inventiva-PR-5th-DMC-NATiV3-EN-10-30-2024-1.pdf,2026-10-08T06:30:47Z,d584c70014593d0c24560ae5d47a45d90c9ac064c208129d2a7f667615c89cb2,200,217516,data\snapshots\company_pr\20261008T063047Z_pr_2024-10-30_5th_dmc.pdf
company_pr,https://inventivapharma.com/wp-content/uploads/inventiva-documents/Inventiva-PR-Lanifibranor-AASLD-Late-Breaker-EN-11-15-2024.pdf,2026-10-08T06:30:50Z,c7bd1c7487af39aeddd0115cbbe7c10481f1d65d4b8148493246cdce5d6b4a1a,200,202617,data\snapshots\company_pr\20261008T063050Z_pr_2024-11-15_aasld_latebreaker_legend.pdf
company_pr,https://inventivapharma.com/wp-content/uploads/inventiva-documents/Inventiva-PR-Biomarkers-paper-CGH-EN-04-24-2025.pdf,2026-10-08T06:30:53Z,95956379ee4096b2215f0718a1dd8a181d2f704d9315fa134111f21b662098c6,200,299497,data\snapshots\company_pr\20261008T063053Z_pr_2025-04-24_biomarkers_cgh.pdf
company_pr,https://inventivapharma.com/wp-content/uploads/inventiva-documents/Inventiva-PR-NATIVE-top-line-results-EN-15062020.pdf,2026-10-08T06:30:56Z,7e2eeced29694e97e70ed6d97fc32c6bbe640b8b4f65ce27f27e1b3891080407,200,386819,data\snapshots\company_pr\20261008T063056Z_pr_2020-06-15_native_topline.pdf
pubmed,https://www.ebi.ac.uk/europepmc/webservices/rest/search?query=TITLE_ABS%3A%22lanifibranor%22&format=json&pageSize=50&resultType=core,2026-10-08T06:34:13Z,ba86fab37c75ff5120ccb97864170a523449a3e20a5f07bb379d810a57284a78,200,454752,data\snapshots\pubmed\20261008T063413Z_Q1_lanifibranor_epmc.json
pubmed,https://www.ebi.ac.uk/europepmc/webservices/rest/search?query=TITLE_ABS%3A%22resmetirom%22%20AND%20%28TITLE_ABS%3A%22MAESTRO%22%20OR%20TITLE_ABS%3A%22NASH%22%29&format=json&pageSize=50&resultType=core,2026-10-08T06:34:15Z,a3b5fffecaa90e6c117ba568369202e8baf512e58735c61e95861024c3db1217,200,405223,data\snapshots\pubmed\20261008T063415Z_Q2_resmetirom_maestro_epmc.json
pubmed,https://www.ebi.ac.uk/europepmc/webservices/rest/search?query=TITLE_ABS%3A%22semaglutide%22%20AND%20%28TITLE_ABS%3A%22ESSENCE%22%20OR%20%28TITLE_ABS%3A%22NASH%22%20AND%20TITLE_ABS%3A%22phase%203%22%29%29&format=json&pageSize=50&resultType=core,2026-10-08T06:34:17Z,5abdd784209f257f5bd5df91cfcd762f94fc7117d407992a8945b7781ab2ba4b,200,184471,data\snapshots\pubmed\20261008T063417Z_Q3_semaglutide_essence_epmc.json
pubmed,https://www.ebi.ac.uk/europepmc/webservices/rest/search?query=TITLE_ABS%3A%22elafibranor%22%20AND%20%28TITLE_ABS%3A%22RESOLVE%22%20OR%20TITLE_ABS%3A%22NASH%22%29&format=json&pageSize=50&resultType=core,2026-10-08T06:34:19Z,16a9452d2eee8ab36320cf4888264270a0b5afb7812e3c6a7c71e09ff9efd54f,200,409829,data\snapshots\pubmed\20261008T063419Z_Q4_elafibranor_resolve_epmc.json
pubmed,https://www.ebi.ac.uk/europepmc/webservices/rest/search?query=TITLE_ABS%3A%22placebo%22%20AND%20%28TITLE_ABS%3A%22NASH%22%20OR%20TITLE_ABS%3A%22MASH%22%29%20AND%20PUB_TYPE%3A%22Meta-Analysis%22%20AND%20%28TITLE_ABS%3A%22histological%22%20OR%20TITLE_ABS%3A%22resolution%22%20OR%20TITLE_ABS%3A%22fibrosis%22%20OR%20TITLE_ABS%3A%22response%22%29&format=json&pageSize=50&resultType=core,2026-10-08T06:34:22Z,bf0fc287971c7a7a61be6165d0702a28265f690ebf0eecd7c65d4aaadcfbf134,200,394629,data\snapshots\pubmed\20261008T063422Z_Q5_placebo_meta_epmc.json
pubmed,https://www.ebi.ac.uk/europepmc/webservices/rest/search?query=TITLE_ABS%3A%22lanifibranor%22%20AND%20FIRST_PDATE%3A%5B2026-01-01%20TO%202026-12-31%5D&format=json&pageSize=50&resultType=core,2026-10-08T06:34:23Z,0d51494dbaa6c979977ace3cbe2757ae570331e867011e755749f10e5c24d2df,200,91665,data\snapshots\pubmed\20261008T063423Z_Q6_lanifibranor_2026_epmc.json
pubmed,https://www.ebi.ac.uk/europepmc/webservices/rest/search?query=EXT_ID:34670042&format=json&resultType=core,2026-10-08T06:35:37Z,60f6c281d0f2524a5dbef1c5ad8a16c400391d104023e469c7dddf99c5ccfa66,200,68746,data\snapshots\pubmed\20261008T063537Z_native_nejm2021_abstract.json
pubmed,https://www.ebi.ac.uk/europepmc/webservices/rest/search?query=TITLE:%22Resmetirom%20for%20nonalcoholic%20steatohepatitis%20with%20liver%20fibrosis%22&format=json&resultType=core,2026-10-08T06:35:40Z,376f117438c495990bbd311b2f27d17534501c6954804d667e83803e6fbbb3f6,200,236,data\snapshots\pubmed\20261008T063540Z_maestro_nash_main.json
pubmed,https://www.ebi.ac.uk/europepmc/webservices/rest/search?query=TITLE_ABS:%22Phase%203%20Trial%20of%20Semaglutide%22%20AND%20TITLE_ABS:%22steatohepatitis%22&format=json&resultType=core,2026-10-08T06:35:41Z,21fedd7dff133411ca0519f1f0679e5d92ea3cfc492c0f0ca886f0efe76f8614,200,50019,data\snapshots\pubmed\20261008T063541Z_essence_main.json
pubmed,https://www.ebi.ac.uk/europepmc/webservices/rest/search?query=EXT_ID:41076041&format=json&resultType=core,2026-10-08T06:35:43Z,ee796e61e86052fbad5119100cfd862d79099073a4fa9ca194537cc18f7046c5,200,9942,data\snapshots\pubmed\20261008T063543Z_placebo_rates_meta_2026.json
pubmed,https://www.ebi.ac.uk/europepmc/webservices/rest/PMC12879040/fullTextXML,2026-10-08T06:35:49Z,2f17df15b0c8ed8bcfe0c67dccb812b5ba961357796ce17dd8e588353cc32ff7,500,151,data\snapshots\pubmed\20261008T063549Z_maestro_vs_essence_fulltext.xml
pubmed,https://www.ebi.ac.uk/europepmc/webservices/rest/search?query=TITLE_ABS:%22elafibranor%22%20AND%20(TITLE_ABS:%22RESOLVE-IT%22%20OR%20(TITLE_ABS:%22phase%203%22%20AND%20TITLE_ABS:%22randomized%22))&format=json&resultType=core,2026-10-08T06:35:51Z,b76b44b1156e6a7969b3a63703b8d1b39e94e525e721174c53fdc8109073dec0,200,29097,data\snapshots\pubmed\20261008T063551Z_resolve_it_results.json
pubmed,https://www.ebi.ac.uk/europepmc/webservices/rest/search?query=EXT_ID:38381674&format=json&resultType=core,2026-10-08T06:36:34Z,893e9440eb155d56ee13e9a9c2da862d2f420999cb31cd12ae7643dd8667f231,200,37115,data\snapshots\pubmed\20261008T063634Z_maestro_nash_main_v2.json
pubmed,https://www.ebi.ac.uk/europepmc/webservices/rest/search?query=TITLE_ABS:%22RESOLVE-IT%22&format=json&resultType=core,2026-10-08T06:36:35Z,736264ff86eb2f02ecba2b9b880020305367f130c09f35a775cdf82404a5c185,200,96165,data\snapshots\pubmed\20261008T063635Z_resolve_it_v2.json
pubmed,https://www.ebi.ac.uk/europepmc/webservices/rest/search?query=TITLE_ABS%3A%22resmetirom%22%20AND%20JOURNAL%3A%22N%20Engl%20J%20Med%22&format=json&resultType=core&pageSize=25,2026-10-08T06:36:56Z,a2ecd8ae3464cdb9540794ff3cc7ef5f1380e608752f48140c19bdbbb5504931,200,127992,data\snapshots\pubmed\20261008T063656Z_maestro_nash_nejm.json
pubmed,https://www.ebi.ac.uk/europepmc/webservices/rest/search?query=TITLE_ABS%3A%22elafibranor%22%20AND%20TITLE_ABS%3A%22phase%203%22%20AND%20PUB_YEAR%3A%5B2021%20TO%202025%5D&format=json&resultType=core&pageSize=25,2026-10-08T06:36:57Z,4a5ca827076e52c07a64a3b34f97bf7ac9d7d4993d4e97be938afed4e13213b8,200,179527,data\snapshots\pubmed\20261008T063657Z_resolve_it_elafibranor_ph3.json
pubmed,https://www.ebi.ac.uk/europepmc/webservices/rest/search?query=EXT_ID:38324483&format=json&resultType=core,2026-10-08T06:37:18Z,c93cf927f359ccf34d601f0df2c9cfc0941a3ee248610cf0f621a83759dd2b35,200,120476,data\snapshots\pubmed\20261008T063718Z_maestro_nejm_abstract.json
company_pr,https://inventivapharma.com/wp-content/uploads/Inventiva_Jefferies-Deck-_06-03-2026-1.pdf,2026-10-08T06:39:09Z,65413766e35a26712fe856d99d2980f6edfdc7f5dd46b6d54f5316a16f1b46d7,200,1740675,data\snapshots\company_pr\20261008T063909Z_deck_2026-06-03_jefferies.pdf
company_pr,https://inventivapharma.com/wp-content/uploads/JP-Morgan-Healthcare-conference-2026-2.pdf,2026-10-08T06:39:10Z,1ce6c15e77dd3bbc0f3e1856790e16ddb65ba68994c4ac22d5c539f5bbc83b00,200,877549,data\snapshots\company_pr\20261008T063910Z_deck_2026-01_jpm.pdf
