claim_id,tier,status,claim_text,verbatim_quote,source_name,url,snapshot_path,retrieved_at_utc,note
C01,A,verified,NCT04849728 状态 ACTIVE_NOT_RECRUITING；无 resultsSection；lastUpdatePostDate 2026-07-02,"""overallStatus"":""ACTIVE_NOT_RECRUITING""",ClinicalTrials.gov API v2,https://clinicaltrials.gov/api/v2/studies/NCT04849728,data/snapshots/ctgov/20261008T062234Z_NCT04849728_full.json,2026-10-08T06:22:34Z,泄漏核查 L1 证据
C02,A,verified,主终点 = Week 72 复合终点：NASH 缓解（CRN ballooning=0 且 inflammation 0-1）且纤维化较基线下降 ≥1 期,"Resolution of NASH and improvement of fibrosis at Week 72, defined by NASH CRN scores for ballooning of 0 and inflammation of 0 to 1, and fibrosis score ≥1 stage decrease compared to Baseline",ClinicalTrials.gov API v2,https://clinicaltrials.gov/api/v2/studies/NCT04849728,data/snapshots/ctgov/20261008T062234Z_NCT04849728_full.json,2026-10-08T06:22:34Z,判定式的事件定义；Part A DBPC
C03,A,verified,三臂 1:1:1：lanifibranor 800mg / 1200mg / 匹配安慰剂；随机化,"""label"":""Lanifibranor (IVA 337) (1200 mg/day)""",ClinicalTrials.gov API v2,https://clinicaltrials.gov/api/v2/studies/NCT04849728,data/snapshots/ctgov/20261008T062234Z_NCT04849728_full.json,2026-10-08T06:22:34Z,1:1:1 比例见 C05 公司 PR 与设计 decks
C04,A,verified,入组经中心读片：SAF A3/A4 且 F2/F3；GLP-1/SGLT2 稳定≥3月允许；体重稳定≥6月,diagnosis of NASH according to the Steatosis-Activity-Fibrosis (SAF): Steatosis ≥1; Activity A3 or A4; Fibrosis F2 or F3 ... GLP1 receptor agonists or SGLT2 inhibitors: for at least 3 months ... Weight stable for 6 months,ClinicalTrials.gov API v2,https://clinicaltrials.gov/api/v2/studies/NCT04849728,data/snapshots/ctgov/20261008T062234Z_NCT04849728_full.json,2026-10-08T06:22:34Z,筛选即中心读片 → 读片口径与终点一致
C05,B,verified,主队列 1009 例、探索队列 410 例；超过目标 969/350；融资条款要求 W72 前脱落率 <30%,1009 patients randomized in the main cohort and 410 patients in the exploratory cohort exceeding the original target of 969 and 350 ... a drop-out rate of less than 30% before week 72,Inventiva PR 2025-04-01,https://inventivapharma.com/wp-content/uploads/inventiva-documents/Inventiva-PR-End-of-Patient-Randomization-EN-04-01-2025.pdf,data/snapshots/company_pr/20261008T063043Z_pr_2025-04-01_end_randomization.pdf,2026-10-08T06:30:43Z,脱落率先验锚点（2025-04 时点已 <30%）
C06,B,verified,LPLV 2026-09 完成；topline 预计 2026 Q4；若阳性 2027 H1 递交,Topline results of NATiV3 expected in Q4 2026,Inventiva PR 2026-09-02,https://inventivapharma.com/wp-content/uploads/Inventiva-PR-Inventiva-LVLP-EN-09-02-2026.pdf,data/snapshots/company_pr/20261008T063034Z_pr_2026-09-02_lplv.pdf,2026-10-08T06:30:34Z,结局已固定未揭示的物理基础
C07,B,verified,样本量按 90% power 考虑；按纤维化分期与糖尿病状态分层,90% considered for sample size calculations,Inventiva Jefferies deck 2026-06-03,https://inventivapharma.com/wp-content/uploads/Inventiva_Jefferies-Deck-_06-03-2026-1.pdf,data/snapshots/company_pr/20261008T063909Z_deck_2026-06-03_jefferies.pdf,2026-10-08T06:39:09Z,V1 闭环（B 级一手）；检验方法/α/多重性仍未公开
C08,B,verified,随机化后可新启用 GLP-1 RA（drop-in 允许）,Patients can initiate a GLP-1-R after randomization into the study,Inventiva Jefferies deck 2026-06-03,https://inventivapharma.com/wp-content/uploads/Inventiva_Jefferies-Deck-_06-03-2026-1.pdf,data/snapshots/company_pr/20261008T063909Z_deck_2026-06-03_jefferies.pdf,2026-10-08T06:39:09Z,安慰剂臂上行混杂来源
C09,B,verified,公司口径 Ph2b 效应量为安慰剂调整差值：纤维化改善 18%；双终点（复合）24%；F2/F3 亚组复合 26%,Phase 2b showed 18% effect size on improvement of fibrosis with no worsening of MASH versus placebo after 6 months; Phase 2b showed 24% effect size on improvement of fibrosis and MASH resolution versus placebo,Inventiva Jefferies deck 2026-06-03,https://inventivapharma.com/wp-content/uploads/Inventiva_Jefferies-Deck-_06-03-2026-1.pdf,data/snapshots/company_pr/20261008T063909Z_deck_2026-06-03_jefferies.pdf,2026-10-08T06:39:09Z,V4 闭环：口径=差值非应答率；F2/F3: pbo7%/800mg24%/1200mg33%
C10,A,verified,NATIVE Ph2b 主终点（SAF-A↓≥2 且纤维化不恶化）：1200mg 55% vs pbo 33% (p=0.007)；800mg 48% vs 33% (p=0.07 NS),"1200-mg dose vs. placebo, 55% vs. 33%, P = 0.007; 800-mg dose vs. placebo, 48% vs. 33%, P = 0.07",Francque et al. NEJM 2021 (PMID 34670042),https://pubmed.ncbi.nlm.nih.gov/34670042/,data/snapshots/pubmed/20261008T063537Z_native_nejm2021_abstract.json,2026-10-08T06:35:37Z,n=247，24 周；800mg 未达主终点
C11,A,verified,NATIVE 分项与复合（SAF 口径）：缓解 49%/39% vs 22%；纤维化改善 48%/34% vs 29%；复合 35%/25% vs 9%,"resolution of NASH without worsening of fibrosis (49% and 39%, respectively, vs. 22%), improvement in fibrosis stage of at least 1 without worsening of NASH (48% and 34%, respectively, vs. 29%), and resolution of NASH plus improvement in fibrosis stage of at least 1 (35% and 25%, respectively, vs. 9%)",Francque et al. NEJM 2021 (PMID 34670042),https://pubmed.ncbi.nlm.nih.gov/34670042/,data/snapshots/pubmed/20261008T063537Z_native_nejm2021_abstract.json,2026-10-08T06:35:37Z,crosswalk 核心锚；SAF 口径 vs Ph3 CRN 口径需注明
C12,A,verified,NATIVE 安全性：AE 脱落 <5% 且各组相近；腹泻/恶心/外周水肿/贫血/体重增加更多见,"The dropout rate for adverse events was less than 5% and was similar across the trial groups. Diarrhea, nausea, peripheral edema, anemia, and weight gain occurred more frequently with lanifibranor",Francque et al. NEJM 2021 (PMID 34670042),https://pubmed.ncbi.nlm.nih.gov/34670042/,data/snapshots/pubmed/20261008T063537Z_native_nejm2021_abstract.json,2026-10-08T06:35:37Z,72 周长疗程脱落外推需谨慎（≠总脱落率）
C13,A,verified,MAESTRO-NASH（52 周 CRN）：NASH 缓解 25.9%/29.9% vs pbo 9.7%；纤维化改善 24.2%/25.9% vs 14.2%,"Fibrosis improvement by at least one stage with no worsening of the NAFLD activity score was achieved in 24.2% of the patients in the 80-mg resmetirom group and 25.9% of those in the 100-mg resmetirom group, as compared with 14.2% of those in the placebo group",Harrison et al. NEJM 2024 (PMID 38324483),https://pubmed.ncbi.nlm.nih.gov/38324483/,data/snapshots/pubmed/20261008T063718Z_maestro_nejm_abstract.json,2026-10-08T06:37:18Z,CRN 口径分项基准（复合未直接报告）
C14,A,verified,ESSENCE（72 周 CRN，F2/F3）：缓解 62.9% vs 34.3%；纤维化改善 36.8% vs 22.4%；复合 32.7% vs 16.1% (Δ16.5pp),"combined resolution of steatohepatitis and reduction in liver fibrosis was reported in 32.7% of the patients in the semaglutide group and in 16.1% of those in the placebo group (estimated difference, 16.5 percentage points; 95% CI, 10.2 to 22.8; P<0.001)",Sanyal et al. NEJM 2025 (PMID 40305708),https://pubmed.ncbi.nlm.nih.gov/40305708/,data/snapshots/pubmed/20261008T063541Z_essence_main.json,2026-10-08T06:35:41Z,与 NATiV3 同构的 Ph3 复合终点基准（72 周 CRN）
C15,A,verified,非肝硬化 MASH 安慰剂 MASH 缓解率汇总 11%（95%CI 8-14%）（127 研究 6880 人）,"the pooled proportion of noncirrhotic placebo patients achieving MASH resolution without worsening of fibrosis was 11% (95% confidence interval [CI], 8%-14%)",Placebo rates meta-analysis 2026 (PMID 41076041),https://pubmed.ncbi.nlm.nih.gov/41076041/,data/snapshots/pubmed/20261008T063543Z_placebo_rates_meta_2026.json,2026-10-08T06:35:43Z,V8 闭环；注意 ESSENCE 安慰剂 34.3% 显示试验间变异巨大
C16,C,unverified,elafibranor RESOLVE-IT Ph3（NASH）未达主终点——无同行评议主结果文，仅有公司公告与综述转述,(EPMC 检索 TITLE_ABS:elafibranor AND phase 3 AND 2021-2025 → 全部 11 条均为 PBC 领域，无 NASH RESOLVE-IT 主结果论文),Europe PMC 检索阴性结果,https://www.ebi.ac.uk/europepmc.org/,data/snapshots/pubmed/20261008T063551Z_resolve_it_results.json,2026-10-08T06:35:51Z,类内失败先例仅作定性证据；不输出数值入模
C17,D,unverified,N=664 盲态合并组织学分析——在所收集材料中未找到原始出处,(12 份公司 PR/deck 全文与 EPMC 检索均未提及 N=664 盲态合并分析),多源阴性检索,-,-,2026-10-08T07:00:00Z,V6 未闭环 → 按纪律不入模（仅 future work 提及）
C18,B,verified,公司计划路径：FDA Accelerated Approval + EMA Conditional Approval（以 Ph3 组织学阳性为前提）,"Intended filing for Accelerated Approval (FDA) and Conditional Approval (EMA), subject to positive Phase 3 histology results",Inventiva Jefferies deck 2026-06-03,https://inventivapharma.com/wp-content/uploads/Inventiva_Jefferies-Deck-_06-03-2026-1.pdf,data/snapshots/company_pr/20261008T063909Z_deck_2026-06-03_jefferies.pdf,2026-10-08T06:39:09Z,达终点≠可批准 的语境注脚
C19,A,verified,CTG primaryCompletionDate 2027-09-30 ESTIMATED（含 Part B ATE 48 周）,"""primaryCompletionDateStruct"":{""date"":""2027-09-30"",""type"":""ESTIMATED""}",ClinicalTrials.gov API v2,https://clinicaltrials.gov/api/v2/studies/NCT04849728,data/snapshots/ctgov/20261008T062234Z_NCT04849728_full.json,2026-10-08T06:22:34Z,与公司 topline Q4 2026 口径的差异说明（Part A vs Part B）
C20,B,verified,NATIVE 人群 F1=53/F2=102/F3=86；NATiV3 主队列 T2D≈55%、GLP-1 用药≈14%（基线）；F2≈67%/F3≈33%（版面判读）,"GLP-1 RA
14.0%
0.0%",Inventiva Jefferies deck 2026-06-03,https://inventivapharma.com/wp-content/uploads/Inventiva_Jefferies-Deck-_06-03-2026-1.pdf,data/snapshots/company_pr/20261008T063909Z_deck_2026-06-03_jefferies.pdf,2026-10-08T06:39:09Z,deck 版面抽取顺序混乱，F2/F3 比例判读存在歧义；模型未使用该参数数值
